Word,Frequency
london,17
trafalgarsquare,8
travel,8
trafalgar,7
square,7
happy,5
tbt,4
england,4
pun,4
ğŸ¦,4
uk,4
photography,3
instagram,3
instadaily,3
n't,3
throwback,3
love,3
would,3
lion,3
instagood,3
ğŸ‡¬ğŸ‡§,3
photo,2
thisislondon,2
better,2
tb,2
skies,2
around,2
dreams,2
saturday,2
memories,2
column,2
landscape,2
city,2
picoftheday,2
=====================================,2
never,2
takemeback,2
half,2
travelgram,2
photooftheday,2
's,2
birthday,2
thought,2
landscapephotography,2
producer,1
instatravel,1
youâ¤,1
orang,1
embassy,1
thumbs,1
ootd,1
austrian,1
instatravelling,1
throughbackthursday,1
a6000,1
bunch,1
style,1
dich,1
dancer,1
motd,1
sky,1
going,1
travelawesome,1
izzagraphy,1
crying,1
ğŸ‘,1
smile,1
hatte,1
landscape_captures,1
...,1
vuitornar,1
baik-baik,1
di,1
big,1
pedestriansenpointe,1
sunny,1
anti-gravitacional,1
early,1
plÃ¶tzlich,1
fan,1
ğŸ³ï¸â€ğŸŒˆğŸ‡¬ğŸ‡§,1
sony,1
makanan,1
one,1
brows,1
day,1
paz,1
londonlove,1
clouds,1
like,1
lepak,1
sherlock,1
starry,1
londoncollective,1
lachen,1
liebe,1
unlimitedlondon,1
've,1
leave,1
stuff,1
harry,1
ğŸ˜,1
ğŸŒ,1
glasses,1
earth_showcase,1
rainyday,1
tourtheplanet,1
house,1
globe,1
instapic,1
spot,1
laughing/,1
see,1
xcamillak,1
learn,1
traveling,1
impossible,1
zu,1
â€“unknown,1
transport,1
landscape_lovers,1
canada,1
ich,1
nopigeons,1
ğŸš¶ğŸ¾ğŸš¶ğŸ¾,1
giving,1
cloudysky,1
creative,1
looking,1
globetripping,1
learned,1
starscape,1
ever,1
public,1
lotd,1
â˜â˜,1
foto,1
photographersofinstagram,1
jaw_dropping_shots,1
fotd,1
makeup,1
ballet,1
gloomyâ€¼ï¸,1
awesome_earthpix,1
explore,1
ğŸ’›ğŸŒ¸,1
khaizaran,1
let,1
homedesign,1
longweekend,1
sister,1
pineapplestudios,1
lifestyle,1
talented,1
mega,1
canadian,1
iphoneonly,1
nelsons,1
bandar,1
youssefkhaizaran,1
credit,1
und,1
mantap,1
petitejoys,1
usually,1
california,1
history,1
estÃ¡tica,1
regram,1
already,1
author,1
travelisthenewclub,1
selfie,1
potter,1
izzattravels,1
flatmate,1
walk,1
ilovelondon,1
yussouf,1
austria,1
sisterroomies,1
lively,1
naturephotography,1
art,1
miss,1
a-dumbledore,1
little,1
londoners,1
friends,1
people,1
cantik,1
ğŸŒğŸŒğŸŒ,1
saknar,1
change,1
stars,1
``,1
way,1
lionorder,1
senang,1
adventurebeginsatom,1
anything_london,1
great,1
goodmemories,1
filmmaker,1
nikon,1
heat,1
part,1
tiramosdecarrete,1
izzatxuk,1
halal,1
actual,1
photographie,1
stairs,1
londoncityworld,1
izzatravelogue,1
ğŸ‡¬ğŸ‡§___________________________________,1
der,1
getting,1
ğŸ”™,1
moodygrams,1
evening,1
street,1
imadeit,1
monument,1
meet,1
melissagoestoeurope,1
nofilter,1
people-watching,1
beautiful,1
iphone,1
repairs,1
solotravel,1
al,1
'',1
londoncity,1
nikontop,1
good,1
something,1
worldofamateur,1
ganze,1
ğŸ‡¨ğŸ‡¦,1
visitlondon,1
awesomelifestyle,1
chemita,1
loft,1
ğŸ’šğŸ‡¬ğŸ‡§,1
laughhard,1
astrophotography,1
necesitoviatjar,1
creativeculture,1
kthing_imagery,1
createcommune,1
designporn,1
place,1
dapat,1
weownthenight_ldn,1
majority,1
prettylittlelondon,1
landscapelovers,1
dulu,1
travelphotography,1
toplondonphoto,1
travelogtiger,1
blue,1
tiempo,1
iphone7,1
londoncitylife,1
cinematic,1
amateurpick,1
igers,1
statue,1
cityscape,1
'll,1
'm,1
weekend,1
loftstyle,1
pano,1
ig_cameras_united,1
streetphotography,1
throwbackthursday,1
â¤ï¸ğŸ’‚ğŸ»ğŸ‡¬ğŸ‡§,1
stairdesign,1
dancing,1
iphonephotography,1
roamtheplanet,1
nelson,1
time,1
fotografia,1
london_bigcity,1
make,1
